{"cameraMode":{"drawMode":0,"name":"Shaded","section":"Shading Mode"},"sceneLighting":true,"audioPlay":false,"sceneViewState":{"showFog":true,"showMaterialUpdate":false,"showSkybox":true,"showFlares":true,"showImageEffects":true,"showParticleSystems":true},"in2DMode":false,"pivot":{"x":-2.703597068786621,"y":16.37144660949707,"z":-16.68348503112793},"rotation":{"x":0.03838884457945824,"y":-0.001498892903327942,"z":0.00005758924089604989,"w":0.9992617964744568},"size":5.721871376037598,"orthographic":false}