{"cameraMode":{"drawMode":0,"name":"Shaded","section":"Shading Mode"},"sceneLighting":false,"audioPlay":false,"sceneViewState":{"showFog":true,"showMaterialUpdate":false,"showSkybox":false,"showFlares":true,"showImageEffects":true,"showParticleSystems":true},"in2DMode":false,"pivot":{"x":-4.139458656311035,"y":-6.249817371368408,"z":1.0241150856018067},"rotation":{"x":-0.3399103581905365,"y":0.48965272307395937,"z":-0.2151535302400589,"w":-0.7735891342163086},"size":7.974431037902832,"orthographic":false}